path,status,title,description,canonical_path,h1_count,json_ld_types,robots
"/","200","Mezbaha Teknolojileri","Mezbaha ve et işleme sistemleri tasarımı ve imalatı. Kesim hücreleri, taşıma sistemleri, soğuk oda ve anahtar teslim tesis çözümleri.","/","1","Organization|WebSite","index, follow"
"/blog","200","Blog | Mezbaha Teknolojileri","Kesim hattı teknolojileri ve tesis kurulumu üzerine hazırlanan içerikler.","/blog","1","Organization|WebSite|BreadcrumbList|Blog","index, follow"
"/blog/ayak-kesme-makasi-avantajlari","200","Ayak Kesme Makası ile Manuel Kesim Hatalarını Azaltmanın Yolları | Mezbaha Teknolojileri","Ayak kesme makası ile manuel ayak kesme hataları nasıl azaltılır? Mezbaha ayak kesme ekipmanlarıyla verimlilik, güvenlik ve kaliteyi artırın.","/blog/ayak-kesme-makasi-avantajlari","1","Organization|WebSite|BreadcrumbList|BlogPosting","index, follow"
"/blog/buyukbas-sersemletme-sistemleri","200","Büyükbaş Sersemletme Sistemleri 2025 Rehberi | Mezbaha Teknolojileri","2025 büyükbaş sersemletme sistemleri rehberi: modern mezbaha stunning teknolojileri, hayvan refahı ve verimli kesim çözümleri.","/blog/buyukbas-sersemletme-sistemleri","1","Organization|WebSite|BreadcrumbList|BlogPosting","index, follow"
"/blog/devlet-tesvigi-ile-mezbaha-kurmak","200","Devlet Teşvikleriyle Mezbaha Kurmak: Güncel Hibe Rehberi | Mezbaha Teknolojileri","Devlet destekli mezbaha teşvikleri 2025 rehberi: Hibe, yatırım desteği ve kurulum adımlarıyla mezbaha açmak artık kolay ve avantajlı.","/blog/devlet-tesvigi-ile-mezbaha-kurmak","1","Organization|WebSite|BreadcrumbList|BlogPosting","index, follow"
"/blog/dos-acma-testeresi-ile-hizli-ve-hijyenik-kesim-icin-ipuclari","200","Döş Açma Testeresi ile Hızlı ve Hijyenik Kesim İçin İpuçları | Mezbaha Teknolojileri","Döş açma testeresi ile hijyenik ve hızlı kesim tekniklerini keşfedin. Mezbaha döş açma makinası seçimi, güvenlik ve verimlilik ipuçları.","/blog/dos-acma-testeresi-ile-hizli-ve-hijyenik-kesim-icin-ipuclari","1","Organization|WebSite|BreadcrumbList|BlogPosting","index, follow"
"/blog/et-kalitesini-artiran-mezbaha-uygulamalari","200","Et Kalitesini Artıran Mezbaha Uygulamaları | Mezbaha Teknolojileri","Et kalitesini artıran mezbaha uygulamaları, hijyenik sistemler ve modern işleme teknolojileriyle taze ve güvenli et üretimini sağlar.","/blog/et-kalitesini-artiran-mezbaha-uygulamalari","1","Organization|WebSite|BreadcrumbList|BlogPosting","index, follow"
"/blog/et-parcalama-testereleri-hizli-ve-guvenli-kesim-ekipmanlari","200","Et Parçalama Testereleri: Hızlı ve Güvenli Kesim Ekipmanları | Mezbaha Teknolojileri","Et parçalama testeresi seçiminde hız, güvenlik ve hijyen dengesini anlatan SEO uyumlu ürün içeriğiyle doğru ekipmanı daha kolay keşfedin.","/blog/et-parcalama-testereleri-hizli-ve-guvenli-kesim-ekipmanlari","1","Organization|WebSite|BreadcrumbList|BlogPosting","index, follow"
"/blog/etiket/atik-yonetimi","200","Atık Yönetimi — Blog | Mezbaha Teknolojileri","Atık Yönetimi konusundaki blog yazıları: İşkembe Atık Pompası ile Atık Yönetiminde Hijyenik ve Ekonomik Çözüm.","/blog/etiket/atik-yonetimi","1","Organization|WebSite|BreadcrumbList","index, follow"
"/blog/etiket/ayak-kesme-makasi","200","Ayak Kesme Makası — Blog | Mezbaha Teknolojileri","Ayak Kesme Makası konusundaki blog yazıları: Ayak Kesme Makası ile Manuel Kesim Hatalarını Azaltmanın Yolları.","/blog/etiket/ayak-kesme-makasi","1","Organization|WebSite|BreadcrumbList","index, follow"
"/blog/etiket/buyukbas-mezbaha","200","Büyükbaş Mezbaha — Blog | Mezbaha Teknolojileri","Büyükbaş Mezbaha konusundaki blog yazıları: Büyükbaş Sersemletme Sistemleri 2025 Rehberi, Küçükbaş &amp; Büyükbaş Mezbaha Farkı Nedir?, Sığır Kesiminde En Sık Kullanılan Makineler Nelerdir?.","/blog/etiket/buyukbas-mezbaha","1","Organization|WebSite|BreadcrumbList","index, follow"
"/blog/etiket/deri-yuzme-makinasi","200","Deri Yüzme Makinası — Blog | Mezbaha Teknolojileri","Deri Yüzme Makinası konusundaki blog yazıları: Otomatik Deri Yüzme Sistemleri ile İşçilik Maliyeti Nasıl Azalır?, Hidrolik Deri Yüzme Makinası mı Mekanik Deri Yüzme mi?.","/blog/etiket/deri-yuzme-makinasi","1","Organization|WebSite|BreadcrumbList","index, follow"
"/blog/etiket/devlet-tesviki","200","Devlet Teşviki — Blog | Mezbaha Teknolojileri","Devlet Teşviki konusundaki blog yazıları: Devlet Teşvikleriyle Mezbaha Kurmak: Güncel Hibe Rehberi.","/blog/etiket/devlet-tesviki","1","Organization|WebSite|BreadcrumbList","index, follow"
"/blog/etiket/dos-acma-testeresi","200","Döş Açma Testeresi — Blog | Mezbaha Teknolojileri","Döş Açma Testeresi konusundaki blog yazıları: Döş Açma Testeresi ile Hızlı ve Hijyenik Kesim İçin İpuçları.","/blog/etiket/dos-acma-testeresi","1","Organization|WebSite|BreadcrumbList","index, follow"
"/blog/etiket/enerji-tasarrufu","200","Enerji Tasarrufu — Blog | Mezbaha Teknolojileri","Enerji Tasarrufu konusundaki blog yazıları: Kesimhanelerde Enerji Tasarrufu Nasıl Sağlanır?.","/blog/etiket/enerji-tasarrufu","1","Organization|WebSite|BreadcrumbList","index, follow"
"/blog/etiket/et-kalitesi","200","Et Kalitesi — Blog | Mezbaha Teknolojileri","Et Kalitesi konusundaki blog yazıları: Karkas Taşıma Sistemleri Et Kalitesini Nasıl Etkiler?, Soğuk Oda ve İkizray Sistemleri Et Kalitesini Nasıl Etkiler?, Kesim Öncesi Hayvan Stresini Azaltmanın Bilimsel Yolları.","/blog/etiket/et-kalitesi","1","Organization|WebSite|BreadcrumbList","index, follow"
"/blog/etiket/et-parcalama-testeresi","200","Et Parçalama Testeresi — Blog | Mezbaha Teknolojileri","Et Parçalama Testeresi konusundaki blog yazıları: Et Parçalama Testereleri: Hızlı ve Güvenli Kesim Ekipmanları, Döş Açma Testeresi ile Hızlı ve Hijyenik Kesim İçin İpuçları.","/blog/etiket/et-parcalama-testeresi","1","Organization|WebSite|BreadcrumbList","index, follow"
"/blog/etiket/hayvan-refahi","200","Hayvan Refahı — Blog | Mezbaha Teknolojileri","Hayvan Refahı konusundaki blog yazıları: Büyükbaş Sersemletme Sistemleri 2025 Rehberi, Kesim Öncesi Hayvan Stresini Azaltmanın Bilimsel Yolları, Mezbaha Tasarımında Hayvan Refahı Nasıl Korunur?.","/blog/etiket/hayvan-refahi","1","Organization|WebSite|BreadcrumbList","index, follow"
"/blog/etiket/hidrolik-sistemler","200","Hidrolik Sistemler — Blog | Mezbaha Teknolojileri","Hidrolik Sistemler konusundaki blog yazıları: Hidrolik Deri Yüzme Makinası mı Mekanik Deri Yüzme mi?.","/blog/etiket/hidrolik-sistemler","1","Organization|WebSite|BreadcrumbList","index, follow"
"/blog/etiket/ikizray","200","İkizray — Blog | Mezbaha Teknolojileri","İkizray konusundaki blog yazıları: Karkas Taşıma Sistemleri Et Kalitesini Nasıl Etkiler?, Raylı Taşıma Sistemleri (İkizray) Nedir ve Neden Kullanılır?, Soğuk Oda ve İkizray Sistemleri Et Kalitesini Nasıl Etkiler?.","/blog/etiket/ikizray","1","Organization|WebSite|BreadcrumbList","index, follow"
"/blog/etiket/is-guvenligi","200","İş Güvenliği — Blog | Mezbaha Teknolojileri","İş Güvenliği konusundaki blog yazıları: Et Parçalama Testereleri: Hızlı ve Güvenli Kesim Ekipmanları, Ayak Kesme Makası ile Manuel Kesim Hatalarını Azaltmanın Yolları, Mezbaha Makineleri Hayvanlar ve İşçiler İçin Güvenli mi?.","/blog/etiket/is-guvenligi","1","Organization|WebSite|BreadcrumbList","index, follow"
"/blog/etiket/iscilik-maliyeti","200","İşçilik Maliyeti — Blog | Mezbaha Teknolojileri","İşçilik Maliyeti konusundaki blog yazıları: Otomatik Deri Yüzme Sistemleri ile İşçilik Maliyeti Nasıl Azalır?, Mezbaha Otomasyonu ile Verimliliği %40 Artırın: Uygulama Örnekleri.","/blog/etiket/iscilik-maliyeti","1","Organization|WebSite|BreadcrumbList","index, follow"
"/blog/etiket/iskembe-atik-pompasi","200","İşkembe Atık Pompası — Blog | Mezbaha Teknolojileri","İşkembe Atık Pompası konusundaki blog yazıları: İşkembe Atık Pompası ile Atık Yönetiminde Hijyenik ve Ekonomik Çözüm.","/blog/etiket/iskembe-atik-pompasi","1","Organization|WebSite|BreadcrumbList","index, follow"
"/blog/etiket/karkas-tasima","200","Karkas Taşıma — Blog | Mezbaha Teknolojileri","Karkas Taşıma konusundaki blog yazıları: Karkas Taşıma Sistemleri Et Kalitesini Nasıl Etkiler?, Raylı Taşıma Sistemleri (İkizray) Nedir ve Neden Kullanılır?.","/blog/etiket/karkas-tasima","1","Organization|WebSite|BreadcrumbList","index, follow"
"/blog/etiket/kesim-ekipmanlari","200","Kesim Ekipmanları — Blog | Mezbaha Teknolojileri","Kesim Ekipmanları konusundaki blog yazıları: Et Parçalama Testereleri: Hızlı ve Güvenli Kesim Ekipmanları, Hidrolik Deri Yüzme Makinası mı Mekanik Deri Yüzme mi?, Döş Açma Testeresi ile Hızlı ve Hijyenik Kesim İçin İpuçları.","/blog/etiket/kesim-ekipmanlari","1","Organization|WebSite|BreadcrumbList","index, follow"
"/blog/etiket/kucuk-olcekli-mezbaha","200","Küçük Ölçekli Mezbaha — Blog | Mezbaha Teknolojileri","Küçük Ölçekli Mezbaha konusundaki blog yazıları: Küçük Çiftlikler Mezbaha Makineleri Kullanabilir mi?.","/blog/etiket/kucuk-olcekli-mezbaha","1","Organization|WebSite|BreadcrumbList","index, follow"
"/blog/etiket/kucukbas-mezbaha","200","Küçükbaş Mezbaha — Blog | Mezbaha Teknolojileri","Küçükbaş Mezbaha konusundaki blog yazıları: Küçükbaş &amp; Büyükbaş Mezbaha Farkı Nedir?.","/blog/etiket/kucukbas-mezbaha","1","Organization|WebSite|BreadcrumbList","index, follow"
"/blog/etiket/kurulum-maliyeti","200","Kurulum Maliyeti — Blog | Mezbaha Teknolojileri","Kurulum Maliyeti konusundaki blog yazıları: Mezbaha Kullanmaya Geçmenin Finansal Avantajları, Devlet Teşvikleriyle Mezbaha Kurmak: Güncel Hibe Rehberi, Mezbaha Kurulum Maliyeti.","/blog/etiket/kurulum-maliyeti","1","Organization|WebSite|BreadcrumbList","index, follow"
"/blog/etiket/kurulum-sureci","200","Kurulum Süreci — Blog | Mezbaha Teknolojileri","Kurulum Süreci konusundaki blog yazıları: Mezbaha Kurmak Ne Kadar Sürer? Adım Adım Süreç, Mezbaha Kurulumunda Hangi Belgeler Gereklidir?.","/blog/etiket/kurulum-sureci","1","Organization|WebSite|BreadcrumbList","index, follow"
"/blog/etiket/mezbaha-belgeleri","200","Mezbaha Belgeleri — Blog | Mezbaha Teknolojileri","Mezbaha Belgeleri konusundaki blog yazıları: Mezbaha Kurmak Ne Kadar Sürer? Adım Adım Süreç, Mezbaha Kurulumunda Hangi Belgeler Gereklidir?.","/blog/etiket/mezbaha-belgeleri","1","Organization|WebSite|BreadcrumbList","index, follow"
"/blog/etiket/mezbaha-ekipmanlari","200","Mezbaha Ekipmanları — Blog | Mezbaha Teknolojileri","Mezbaha Ekipmanları konusundaki blog yazıları: Raylı Taşıma Sistemleri (İkizray) Nedir ve Neden Kullanılır?, İşkembe Atık Pompası ile Atık Yönetiminde Hijyenik ve Ekonomik Çözüm, Büyükbaş Sersemletme Sistemleri 2025 Rehberi.","/blog/etiket/mezbaha-ekipmanlari","1","Organization|WebSite|BreadcrumbList","index, follow"
"/blog/etiket/mezbaha-hijyeni","200","Mezbaha Hijyeni — Blog | Mezbaha Teknolojileri","Mezbaha Hijyeni konusundaki blog yazıları: Döş Açma Testeresi ile Hızlı ve Hijyenik Kesim İçin İpuçları, İşkembe Atık Pompası ile Atık Yönetiminde Hijyenik ve Ekonomik Çözüm, Et Kalitesini Artıran Mezbaha Uygulamaları.","/blog/etiket/mezbaha-hijyeni","1","Organization|WebSite|BreadcrumbList","index, follow"
"/blog/etiket/mezbaha-kurulumu","200","Mezbaha Kurulumu — Blog | Mezbaha Teknolojileri","Mezbaha Kurulumu konusundaki blog yazıları: Mezbaha Kullanmaya Geçmenin Finansal Avantajları, Devlet Teşvikleriyle Mezbaha Kurmak: Güncel Hibe Rehberi, Mezbaha Kurmak Ne Kadar Sürer? Adım Adım Süreç.","/blog/etiket/mezbaha-kurulumu","1","Organization|WebSite|BreadcrumbList","index, follow"
"/blog/etiket/mezbaha-makineleri","200","Mezbaha Makineleri — Blog | Mezbaha Teknolojileri","Mezbaha Makineleri konusundaki blog yazıları: Et Parçalama Testereleri: Hızlı ve Güvenli Kesim Ekipmanları, Hidrolik Deri Yüzme Makinası mı Mekanik Deri Yüzme mi?, Ayak Kesme Makası ile Manuel Kesim Hatalarını Azaltmanın Yolları.","/blog/etiket/mezbaha-makineleri","1","Organization|WebSite|BreadcrumbList","index, follow"
"/blog/etiket/mezbaha-otomasyonu","200","Mezbaha Otomasyonu — Blog | Mezbaha Teknolojileri","Mezbaha Otomasyonu konusundaki blog yazıları: Otomatik Deri Yüzme Sistemleri ile İşçilik Maliyeti Nasıl Azalır?, Robotik Mezbaha Sistemleri Nedir? Avantajları Nelerdir?, Mezbahanelerde Kullanılan En Yeni Teknolojik Ekipmanlar.","/blog/etiket/mezbaha-otomasyonu","1","Organization|WebSite|BreadcrumbList","index, follow"
"/blog/etiket/mezbaha-sistemleri","200","Mezbaha Sistemleri — Blog | Mezbaha Teknolojileri","Mezbaha Sistemleri konusundaki blog yazıları: Et Kalitesini Artıran Mezbaha Uygulamaları, Mezbaha Tasarımında Hayvan Refahı Nasıl Korunur?, Kesimhanelerde Enerji Tasarrufu Nasıl Sağlanır?.","/blog/etiket/mezbaha-sistemleri","1","Organization|WebSite|BreadcrumbList","index, follow"
"/blog/etiket/mezbaha-tasarimi","200","Mezbaha Tasarımı — Blog | Mezbaha Teknolojileri","Mezbaha Tasarımı konusundaki blog yazıları: Kesim Öncesi Hayvan Stresini Azaltmanın Bilimsel Yolları, Mezbaha Tasarımında Hayvan Refahı Nasıl Korunur?.","/blog/etiket/mezbaha-tasarimi","1","Organization|WebSite|BreadcrumbList","index, follow"
"/blog/etiket/online-magaza","200","Online Mağaza — Blog | Mezbaha Teknolojileri","Online Mağaza konusundaki blog yazıları: Online Mağazamız Yayında.","/blog/etiket/online-magaza","1","Organization|WebSite|BreadcrumbList","index, follow"
"/blog/etiket/rayli-tasima-sistemleri","200","Raylı Taşıma Sistemleri — Blog | Mezbaha Teknolojileri","Raylı Taşıma Sistemleri konusundaki blog yazıları: Karkas Taşıma Sistemleri Et Kalitesini Nasıl Etkiler?, Raylı Taşıma Sistemleri (İkizray) Nedir ve Neden Kullanılır?, Soğuk Oda ve İkizray Sistemleri Et Kalitesini Nasıl Etkiler?.","/blog/etiket/rayli-tasima-sistemleri","1","Organization|WebSite|BreadcrumbList","index, follow"
"/blog/etiket/robotik-mezbaha","200","Robotik Mezbaha — Blog | Mezbaha Teknolojileri","Robotik Mezbaha konusundaki blog yazıları: Robotik Mezbaha Sistemleri Nedir? Avantajları Nelerdir?.","/blog/etiket/robotik-mezbaha","1","Organization|WebSite|BreadcrumbList","index, follow"
"/blog/etiket/sersemletme","200","Sersemletme — Blog | Mezbaha Teknolojileri","Sersemletme konusundaki blog yazıları: Büyükbaş Sersemletme Sistemleri 2025 Rehberi.","/blog/etiket/sersemletme","1","Organization|WebSite|BreadcrumbList","index, follow"
"/blog/etiket/soguk-oda","200","Soğuk Oda — Blog | Mezbaha Teknolojileri","Soğuk Oda konusundaki blog yazıları: Soğuk Oda ve İkizray Sistemleri Et Kalitesini Nasıl Etkiler?, Kesimhanelerde Enerji Tasarrufu Nasıl Sağlanır?.","/blog/etiket/soguk-oda","1","Organization|WebSite|BreadcrumbList","index, follow"
"/blog/etiket/teknoloji","200","Teknoloji — Blog | Mezbaha Teknolojileri","Teknoloji konusundaki blog yazıları: Robotik Mezbaha Sistemleri Nedir? Avantajları Nelerdir?, Mezbahanelerde Kullanılan En Yeni Teknolojik Ekipmanlar, Modern Mezbaha Ekipmanları Nelerdir ve Ne İşe Yarar?.","/blog/etiket/teknoloji","1","Organization|WebSite|BreadcrumbList","index, follow"
"/blog/etiket/verimlilik","200","Verimlilik — Blog | Mezbaha Teknolojileri","Verimlilik konusundaki blog yazıları: Otomatik Deri Yüzme Sistemleri ile İşçilik Maliyeti Nasıl Azalır?, Robotik Mezbaha Sistemleri Nedir? Avantajları Nelerdir?, Mezbaha Kullanmaya Geçmenin Finansal Avantajları.","/blog/etiket/verimlilik","1","Organization|WebSite|BreadcrumbList","index, follow"
"/blog/hidrolik-deri-yuzme-makinasi-mi-mekanik-deri-yuzme-makinasi-mi","200","Hidrolik Deri Yüzme Makinası mı Mekanik Deri Yüzme mi? | Mezbaha Teknolojileri","Hidrolik ve mekanik deri yüzme makineleri arasındaki farkları, avantajları ve mezbahalar için doğru ekipman seçimini detaylıca keşfedin.","/blog/hidrolik-deri-yuzme-makinasi-mi-mekanik-deri-yuzme-makinasi-mi","1","Organization|WebSite|BreadcrumbList|BlogPosting","index, follow"
"/blog/iskembe-atik-pompasi-ile-atik-yonetimi","200","İşkembe Atık Pompası ile Atık Yönetiminde Hijyenik ve Ekonomik Çözüm | Mezbaha Teknolojileri","İşkembe atık pompası ile mezbaha atık yönetiminde hijyen, verimlilik ve maliyet avantajı sağlayan modern ve sürdürülebilir çözümleri keşfedin.","/blog/iskembe-atik-pompasi-ile-atik-yonetimi","1","Organization|WebSite|BreadcrumbList|BlogPosting","index, follow"
"/blog/karkas-tasima-sistemleri-et-kalitesini-nasil-etkiler","200","Karkas Taşıma Sistemleri Et Kalitesini Nasıl Etkiler? | Mezbaha Teknolojileri","Karkas taşıma sistemi ile et kalitesini koruyan, hijyenik akış kuran ve üretim düzenini güçlendiren çözümleri keşfedin.","/blog/karkas-tasima-sistemleri-et-kalitesini-nasil-etkiler","1","Organization|WebSite|BreadcrumbList|BlogPosting","index, follow"
"/blog/kesim-oncesi-hayvan-stresi-azaltma","200","Kesim Öncesi Hayvan Stresini Azaltmanın Bilimsel Yolları | Mezbaha Teknolojileri","Kesim öncesi stres ve hayvan refahı önemlidir. Doğru yöntemlerle et kalitesini artırmanın yollarını keşfedin.","/blog/kesim-oncesi-hayvan-stresi-azaltma","1","Organization|WebSite|BreadcrumbList|BlogPosting","index, follow"
"/blog/kesimhanelerde-enerji-tasarrufu-saglama","200","Kesimhanelerde Enerji Tasarrufu Nasıl Sağlanır? | Mezbaha Teknolojileri","Kesimhanelerde enerji tasarrufu sağlamak için uygulanabilir yöntemler ve stratejilerle işletmenizin maliyetlerini düşürün. Daha verimli süreç için tıklayın","/blog/kesimhanelerde-enerji-tasarrufu-saglama","1","Organization|WebSite|BreadcrumbList|BlogPosting","index, follow"
"/blog/kucuk-ciftlikler-mezbaha-makineleri-kullanabilir-mi","200","Küçük Çiftlikler Mezbaha Makineleri Kullanabilir mi? | Mezbaha Teknolojileri","Küçük çiftlikler mezbaha makineleri kullanabilir mi sorusunun cevabı blog içeriğimizde sizleri bekliyor. Tıklayın ve tüm detayları öğrenin.","/blog/kucuk-ciftlikler-mezbaha-makineleri-kullanabilir-mi","1","Organization|WebSite|BreadcrumbList|BlogPosting","index, follow"
"/blog/kucukbas-buyukbas-mezbaha-farki","200","Küçükbaş &amp; Büyükbaş Mezbaha Farkı Nedir? | Mezbaha Teknolojileri","Küçükbaş mezbaha ve büyükbaş mezbaha arasındaki kesim kapasitesi farkı nedir? Hangisi Sizin İçin Uygun? Detaylı mezbaha seçim rehberi.","/blog/kucukbas-buyukbas-mezbaha-farki","1","Organization|WebSite|BreadcrumbList|BlogPosting","index, follow"
"/blog/mezbaha-hijyeni-nasil-saglanir","200","Mezbaha Hijyeni Nasıl Sağlanır? 10 Altın Kural | Mezbaha Teknolojileri","Mezbaha hijyeni için 10 altın kural! HACCP uygulamaları, temizlik ekipmanları ve hijyen kontrol rehberiyle sağlıklı et işleme.","/blog/mezbaha-hijyeni-nasil-saglanir","1","Organization|WebSite|BreadcrumbList|BlogPosting","index, follow"
"/blog/mezbaha-kullanmaya-gecmenin-finansal-avantajlari","200","Mezbaha Kullanmaya Geçmenin Finansal Avantajları | Mezbaha Teknolojileri","Mezbaha otomasyonu, kesimhane verimliliğini artırır, işletme maliyetlerini düşürür ve operasyonları optimize ederek kazancı yükseltir.","/blog/mezbaha-kullanmaya-gecmenin-finansal-avantajlari","1","Organization|WebSite|BreadcrumbList|BlogPosting","index, follow"
"/blog/mezbaha-kurmak-ne-kadar-surer","200","Mezbaha Kurmak Ne Kadar Sürer? Adım Adım Süreç | Mezbaha Teknolojileri","Mezbaha Kurmak Ne Kadar Sürer? Adım Adım Süreç rehberimizde izin alma, inşaat ve denetim aşamalarını detaylı olarak öğrenin.","/blog/mezbaha-kurmak-ne-kadar-surer","1","Organization|WebSite|BreadcrumbList|BlogPosting","index, follow"
"/blog/mezbaha-kurulum-maliyeti","200","Mezbaha Kurulum Maliyeti 2025: Adım Adım Rehber | Mezbaha Teknolojileri","Mezbaha kurulum maliyeti, inşaat fiyatları ve et işleme tesisi yatırımıyla ilgili 2025 rehberimizle yatırımınızı bilinçli yapın.","/blog/mezbaha-kurulum-maliyeti","1","Organization|WebSite|BreadcrumbList|BlogPosting","index, follow"
"/blog/mezbaha-kurulumunda-hangi-belgeler-gereklidir","200","Mezbaha Kurulumunda Hangi Belgeler Gereklidir? | Mezbaha Teknolojileri","Mezbaha Kurulumu için tüm bilgiler burada! Mezbaha Kurulumunda Hangi Belgeler Gereklidir sorusunun kapsamlı cevabını ve işlem adımlarını öğrenin.","/blog/mezbaha-kurulumunda-hangi-belgeler-gereklidir","1","Organization|WebSite|BreadcrumbList|BlogPosting","index, follow"
"/blog/mezbaha-makineleri-et-kalitesini-etkiler-mi","200","Mezbaha Makineleri Et Kalitesini Etkiler mi? | Mezbaha Teknolojileri","Mezbaha makinelerinin et kalitesine etkisine dair tüm detaylar içeriğimizde... Tıklayın ve merak edilen tüm soruların cevaplarına ulaşın.","/blog/mezbaha-makineleri-et-kalitesini-etkiler-mi","1","Organization|WebSite|BreadcrumbList|BlogPosting","index, follow"
"/blog/mezbaha-otomasyonu-verimlilik-artisi","200","Mezbaha Otomasyonu ile Verimliliği %40 Artırın: Uygulama Örnekleri | Mezbaha Teknolojileri","Mezbaha otomasyon sistemleri ve üretim hattı dijitalleşme ile verimliliği %40 artırın, et işleme teknolojileriyle modernizasyon sağlayın.","/blog/mezbaha-otomasyonu-verimlilik-artisi","1","Organization|WebSite|BreadcrumbList|BlogPosting","index, follow"
"/blog/mezbaha-tasariminda-hayvan-refahi-koruma","200","Mezbaha Tasarımında Hayvan Refahı Nasıl Korunur? | Mezbaha Teknolojileri","Mezbaha tasarımında hayvan refahı nasıl korunur? Etik standartlar ve modern yaklaşımlarla hayvanların güvenliğini sağlama yollarını keşfedin.","/blog/mezbaha-tasariminda-hayvan-refahi-koruma","1","Organization|WebSite|BreadcrumbList|BlogPosting","index, follow"
"/blog/mezbahalarda-kullanilan-makineler-guvenli-mi","200","Mezbaha Makineleri Hayvanlar ve İşçiler İçin Güvenli mi? | Mezbaha Teknolojileri","Mezbahalarda kullanılan makinelerin güvenliği ile ilgili detaylar sitemizde sizleri bekliyor. Tıklayın ve detaylara ulaşın.","/blog/mezbahalarda-kullanilan-makineler-guvenli-mi","1","Organization|WebSite|BreadcrumbList|BlogPosting","index, follow"
"/blog/mezbahane-teknolojik-ekipmanlar","200","Mezbahanelerde Kullanılan En Yeni Teknolojik Ekipmanlar | Mezbaha Teknolojileri","Mezbahanelerde kullanılan en yeni teknolojik ekipmanlar, üretim hızını artırırken hijyen standartlarını da yükseltiyor. Et kalitesini optimize edin!","/blog/mezbahane-teknolojik-ekipmanlar","1","Organization|WebSite|BreadcrumbList|BlogPosting","index, follow"
"/blog/modern-makinelerle-bir-hayvanin-islenmesi-ne-kadar-surer","200","Modern Makinelerle Bir Hayvanın İşlenmesi Ne Kadar Sürer? | Mezbaha Teknolojileri","Modern makinelerle bir hayvanın işlenmesi ne kadar sürer sorusunun cevabı blog içeriğimizde sizleri bekliyor. Tıklayın ve tüm detaylara ulaşın.","/blog/modern-makinelerle-bir-hayvanin-islenmesi-ne-kadar-surer","1","Organization|WebSite|BreadcrumbList|BlogPosting","index, follow"
"/blog/modern-mezbaha-ekipmanlari-nelerdir","200","Modern Mezbaha Ekipmanları Nelerdir ve Ne İşe Yarar? | Mezbaha Teknolojileri","Modern mezbaha ekipmanları nelerdir? İşlevleri ve avantajlarıyla ilgili detaylı bilgiye ulaşın, üretim süreçlerinizi iyileştirin.","/blog/modern-mezbaha-ekipmanlari-nelerdir","1","Organization|WebSite|BreadcrumbList|BlogPosting","index, follow"
"/blog/modern-mezbaha-sistemleri-nedir","200","Modern Mezbaha Sistemleri Nedir? 2025 Rehberi | Mezbaha Teknolojileri","Modern mezbaha sistemleri, hijyenik kesim çözümleri ve otomatik kesim hatlarıyla 2025’te sürdürülebilir üretim için rehber niteliğinde!","/blog/modern-mezbaha-sistemleri-nedir","1","Organization|WebSite|BreadcrumbList|BlogPosting","index, follow"
"/blog/online-magazamiz-yayinda","200","Online Mağazamız Yayında | Mezbaha Teknolojileri","Artık tüm mezbaha ekipmanlarına online olarak ulaşabilirsiniz. Online mağazamız hizmetinizde!","/blog/online-magazamiz-yayinda","1","Organization|WebSite|BreadcrumbList|BlogPosting","index, follow"
"/blog/otomatik-deri-yuzme-sistemleri-ile-iscilik-maliyeti-nasil-azalir","200","Otomatik Deri Yüzme Sistemleri ile İşçilik Maliyeti Nasıl Azalır? | Mezbaha Teknolojileri","Otomatik deri yüzme sistemleriyle işçilik maliyetini düşüren, hız, hijyen ve verim odaklı çözümleri keşfedin.","/blog/otomatik-deri-yuzme-sistemleri-ile-iscilik-maliyeti-nasil-azalir","1","Organization|WebSite|BreadcrumbList|BlogPosting","index, follow"
"/blog/rayli-tasima-sistemleri-ikizray-nedir-ve-neden-kullanilir","200","Raylı Taşıma Sistemleri (İkizray) Nedir ve Neden Kullanılır? | Mezbaha Teknolojileri","Mezbaha ray sistemi, ikizray taşıma sistemi ve karkas taşıma rayı ile hijyenik, düzenli ve verimli hat akışını keşfedin.","/blog/rayli-tasima-sistemleri-ikizray-nedir-ve-neden-kullanilir","1","Organization|WebSite|BreadcrumbList|BlogPosting","index, follow"
"/blog/robotik-mezbaha-sistemleri-nedir","200","Robotik Mezbaha Sistemleri Nedir? Avantajları Nelerdir? | Mezbaha Teknolojileri","Robotik mezbaha sistemleri nedir, nasıl çalışır? Otomatik mezbaha ve robotik kesimhane çözümlerinin avantajlarını detaylıca keşfedin.","/blog/robotik-mezbaha-sistemleri-nedir","1","Organization|WebSite|BreadcrumbList|BlogPosting","index, follow"
"/blog/sigir-kesiminde-en-sik-kullanilan-makineler-nelerdir","200","Sığır Kesiminde En Sık Kullanılan Makineler Nelerdir? | Mezbaha Teknolojileri","Sığır kesiminde en sık kullanılan makineler ile ilgili detaylar Mezbahateknolojileri.com&#x27;da! Tıklayın ve tüm detaylara hızlıca ulaşın.","/blog/sigir-kesiminde-en-sik-kullanilan-makineler-nelerdir","1","Organization|WebSite|BreadcrumbList|BlogPosting","index, follow"
"/blog/soguk-oda-ve-ikizray-sistemleri-et-kalitesini-nasil-etkiler","200","Soğuk Oda ve İkizray Sistemleri Et Kalitesini Nasıl Etkiler? | Mezbaha Teknolojileri","Soğuk oda ve ikizray sistemleri et kalitesini nasıl etkiler? Karkas soğutma sıcaklığı, mezbaha tasarımı ve hijyenin rolünü öğrenin.","/blog/soguk-oda-ve-ikizray-sistemleri-et-kalitesini-nasil-etkiler","1","Organization|WebSite|BreadcrumbList|BlogPosting","index, follow"
"/hakkimizda","200","Hakkımızda | Mezbaha Teknolojileri","Mezbaha Teknolojileri kurumsal profili ve yetkinlikleri.","/hakkimizda","1","Organization|WebSite|BreadcrumbList","index, follow"
"/hizmetler","200","Hizmetler | Mezbaha Teknolojileri","Mezbaha Teknolojileri hizmetleri: mezbaha ve kesimhaneler için sunulan sistem ve hizmet sayfaları.","/hizmetler","1","Organization|WebSite|BreadcrumbList","index, follow"
"/hizmetler/endustriyel-sogutma-sistemleri","200","Endüstriyel Soğutma Sistemleri | Mezbaha Teknolojileri","Endüstriyel Soğutma Sistemleri günümüzde birçok firma tarafından tercih edilen kaliteli ve uzun ömürlü olan Soğutma Sistemleridir.","/hizmetler/endustriyel-sogutma-sistemleri","1","Organization|WebSite|BreadcrumbList|Service","index, follow"
"/iletisim","200","İletişim | Mezbaha Teknolojileri","Mezbaha Teknolojileri adres, telefon, e-posta bilgileri, iletişim formu ve harita.","/iletisim","1","Organization|WebSite|BreadcrumbList","index, follow"
"/kataloglar","200","Kataloglar | Mezbaha Teknolojileri","Mezbaha Teknolojileri kataloglarını çevrimiçi inceleyin: 2018 Mezbaha Sistemleri Katalog (155 sayfa).","/kataloglar","1","Organization|WebSite|BreadcrumbList","index, follow"
"/kataloglar/2018-mezbaha-sistemleri-katalog","200","2018 Mezbaha Sistemleri Katalog | Mezbaha Teknolojileri","2018 Mezbaha Sistemleri Katalog (155 sayfa): Mezbaha Teknolojileri kataloğunu çevrimiçi inceleyin.","/kataloglar/2018-mezbaha-sistemleri-katalog","1","Organization|WebSite|BreadcrumbList","index, follow"
"/projeler","200","Projeler | Mezbaha Teknolojileri","Farklı ülke ve kapasitelerde tamamlanan mezbaha ve et işleme tesisi projeleri.","/projeler","1","Organization|WebSite|BreadcrumbList","index, follow"
"/projeler/arjantin-buenos-aires","200","Arjantin / Buenos Aires — Leather Skinning | Mezbaha Teknolojileri","Arjantin / Buenos Aires — Leather Skinning — Mezbaha Teknolojileri referans projesi. Kapasite: 100 cattle/hour.","/projeler/arjantin-buenos-aires","1","Organization|WebSite|BreadcrumbList","index, follow"
"/projeler/arnavutluk-pogradec","200","Arnavutluk / Pogradec — Micro Slaughterhouse | Mezbaha Teknolojileri","Arnavutluk / Pogradec — Micro Slaughterhouse — Mezbaha Teknolojileri referans projesi. Kapasite: 50 cattle.","/projeler/arnavutluk-pogradec","1","Organization|WebSite|BreadcrumbList","index, follow"
"/projeler/azerbaycan-baku","200","Azerbaycan / Bakü — Meat Processing | Mezbaha Teknolojileri","Azerbaycan / Bakü — Meat Processing — Mezbaha Teknolojileri referans projesi. Kapasite: 200 cattle, 400 sheep.","/projeler/azerbaycan-baku","1","Organization|WebSite|BreadcrumbList","index, follow"
"/projeler/azerbaycan-gobustan","200","Azerbaycan / Gobustan — Kesimhane | Mezbaha Teknolojileri","Azerbaycan / Gobustan — Kesimhane — Mezbaha Teknolojileri referans projesi. Kapasite: 150 büyükbaş, 1.500 koyun.","/projeler/azerbaycan-gobustan","1","Organization|WebSite|BreadcrumbList","index, follow"
"/projeler/azerbaycan-novhani","200","Azerbaycan / Novhani — Slaughterhouse | Mezbaha Teknolojileri","Azerbaycan / Novhani — Slaughterhouse — Mezbaha Teknolojileri referans projesi. Kapasite: 50 cattle, 100 sheep.","/projeler/azerbaycan-novhani","1","Organization|WebSite|BreadcrumbList","index, follow"
"/projeler/azerbaycan-tovuz","200","Azerbaycan / Tovuz — Slaughterhouse | Mezbaha Teknolojileri","Azerbaycan / Tovuz — Slaughterhouse — Mezbaha Teknolojileri referans projesi. Kapasite: 100 cattle, 300 sheep.","/projeler/azerbaycan-tovuz","1","Organization|WebSite|BreadcrumbList","index, follow"
"/projeler/azerbaycan-xacmaz","200","Azerbaycan / Xaçmaz — Slaughterhouse | Mezbaha Teknolojileri","Azerbaycan / Xaçmaz — Slaughterhouse — Mezbaha Teknolojileri referans projesi. Kapasite: 100 cattle, 300 sheep.","/projeler/azerbaycan-xacmaz","1","Organization|WebSite|BreadcrumbList","index, follow"
"/projeler/bosna-hersek-prijedor","200","Bosna Hersek / Prijedor — Rotational Cattle Box | Mezbaha Teknolojileri","Bosna Hersek / Prijedor — Rotational Cattle Box — Mezbaha Teknolojileri referans projesi. Kapasite: 60 cattle/hour.","/projeler/bosna-hersek-prijedor","1","Organization|WebSite|BreadcrumbList","index, follow"
"/projeler/c-100","200","C-100 Kapasite Paketi | Mezbaha Teknolojileri","550 m² alan üzerine kurulu 100 büyükbaş ve 300 küçükbaş kesimhane, sakatathane, 2 adet karkas soğuk oda, 2 adet -18/-40 depolama ve asma katta ofis alanı m","/projeler/c-100","1","Organization|WebSite|BreadcrumbList","index, follow"
"/projeler/c-100-plus","200","C-100 Plus Kapasite Paketi | Mezbaha Teknolojileri","680 m² alan üzerine kurulu 100 büyükbaş ve 300 küçükbaş kesimhane, sakatathane, 3 adet karkas soğuk oda, 2 adet -18/-40 depolama, et parçalama odası ve asm","/projeler/c-100-plus","1","Organization|WebSite|BreadcrumbList","index, follow"
"/projeler/c-100-xl","200","C-100 XL Kapasite Paketi | Mezbaha Teknolojileri","980 m² alan üzerine kurulu 150 büyükbaş ve 500 küçükbaş kesimhane, sakatathane, 2 adet karkas soğuk oda, 2 adet -18/-40 depolama ve asma katta ofis alanı m","/projeler/c-100-xl","1","Organization|WebSite|BreadcrumbList","index, follow"
"/projeler/c-200","200","C-200 Kapasite Paketi | Mezbaha Teknolojileri","1200 m² alan üzerine kurulu 200 büyükbaş ve 700 küçükbaş kesimhane, sakatathane, 3 adet karkas soğuk oda, 2 adet -18/-40 depolama ve asma katta ofis alanı ","/projeler/c-200","1","Organization|WebSite|BreadcrumbList","index, follow"
"/projeler/c-300","200","C-300 Kapasite Paketi | Mezbaha Teknolojileri","2700 m² alan üzerine kurulu 300 büyükbaş ve 2000 küçükbaş kesimhane, sakatathane, 4 adet karkas soğuk oda, 2 adet -18/-40 depolama ve asma katta ofis alanı","/projeler/c-300","1","Organization|WebSite|BreadcrumbList","index, follow"
"/projeler/c-50","200","C-50 Kapasite Paketi | Mezbaha Teknolojileri","50 büyükbaş + 100 koyun kapasiteli ~350 m² kompakt kesimhane tesisi.","/projeler/c-50","1","Organization|WebSite|BreadcrumbList","index, follow"
"/projeler/c-50-plus","200","C-50 Plus Kapasite Paketi | Mezbaha Teknolojileri","400 m² alan üzerine kurulu 70 büyükbaş ve 200 küçükbaş kesimhane, sakatathane, soğuk oda, et parçalama ve asma katta ofis alanı mevcut. Bütün hijyenik ve k","/projeler/c-50-plus","1","Organization|WebSite|BreadcrumbList","index, follow"
"/projeler/fas-kenitra","200","Fas Kenitra Modern Kesimhane Projesi | Mezbaha Teknolojileri","500 büyükbaş ve 3.000 koyun kapasiteli modern kesimhane projesi.","/projeler/fas-kenitra","1","Organization|WebSite|BreadcrumbList","index, follow"
"/projeler/gurcistan-khashuri","200","Gürcistan / Khashuri — Slaughterhouse | Mezbaha Teknolojileri","Gürcistan / Khashuri — Slaughterhouse — Mezbaha Teknolojileri referans projesi. Kapasite: 25 cattle, 25 pig.","/projeler/gurcistan-khashuri","1","Organization|WebSite|BreadcrumbList","index, follow"
"/projeler/hollanda-harderwijk","200","Hollanda / Harderwijk — Slaughterhouse | Mezbaha Teknolojileri","Hollanda / Harderwijk — Slaughterhouse — Mezbaha Teknolojileri referans projesi. Kapasite: 180 sheep/hour.","/projeler/hollanda-harderwijk","1","Organization|WebSite|BreadcrumbList","index, follow"
"/projeler/katar-al-khoor","200","Katar / Al Khoor — Slaughterhouse | Mezbaha Teknolojileri","Katar / Al Khoor — Slaughterhouse — Mezbaha Teknolojileri referans projesi. Kapasite: 100 cattle/shift.","/projeler/katar-al-khoor","1","Organization|WebSite|BreadcrumbList","index, follow"
"/projeler/kirgizistan-biskek","200","Kırgızistan / Bişkek — Meat Processing Cold Room | Mezbaha Teknolojileri","Kırgızistan / Bişkek — Meat Processing Cold Room — Mezbaha Teknolojileri referans projesi. Kapasite: 50 carcass.","/projeler/kirgizistan-biskek","1","Organization|WebSite|BreadcrumbList","index, follow"
"/projeler/kirgizistan-karakol","200","Kırgızistan / Karakol — Slaughterhouse | Mezbaha Teknolojileri","Kırgızistan / Karakol — Slaughterhouse — Mezbaha Teknolojileri referans projesi. Kapasite: 200 cattle, 1500 sheep.","/projeler/kirgizistan-karakol","1","Organization|WebSite|BreadcrumbList","index, follow"
"/projeler/porto-riko-san-juan","200","Porto Riko / San Juan — Rotation Cattle Box | Mezbaha Teknolojileri","Porto Riko / San Juan — Rotation Cattle Box — Mezbaha Teknolojileri referans projesi. Kapasite: 60 cattle/hour.","/projeler/porto-riko-san-juan","1","Organization|WebSite|BreadcrumbList","index, follow"
"/projeler/tacikistan-dusanbe","200","Tacikistan / Duşanbe — Meat Factory | Mezbaha Teknolojileri","Tacikistan / Duşanbe — Meat Factory — Mezbaha Teknolojileri referans projesi. Kapasite: 2000 kg/hour.","/projeler/tacikistan-dusanbe","1","Organization|WebSite|BreadcrumbList","index, follow"
"/projeler/turkiye-afyon","200","Türkiye / Afyon — Slaughterhouse | Mezbaha Teknolojileri","Türkiye / Afyon — Slaughterhouse — Mezbaha Teknolojileri referans projesi. Kapasite: 700 cattle, 2000 sheep.","/projeler/turkiye-afyon","1","Organization|WebSite|BreadcrumbList","index, follow"
"/projeler/turkiye-corum","200","Türkiye / Çorum — Slaughterhouse | Mezbaha Teknolojileri","Türkiye / Çorum — Slaughterhouse — Mezbaha Teknolojileri referans projesi. Kapasite: 700 cattle, 3000 sheep.","/projeler/turkiye-corum","1","Organization|WebSite|BreadcrumbList","index, follow"
"/projeler/turkmenistan-askabat","200","Türkmenistan / Aşkabat — Slaughterhouse | Mezbaha Teknolojileri","Türkmenistan / Aşkabat — Slaughterhouse — Mezbaha Teknolojileri referans projesi. Kapasite: 100 cattle, 300 sheep.","/projeler/turkmenistan-askabat","1","Organization|WebSite|BreadcrumbList","index, follow"
"/teklif-al","200","Teklif Al | Mezbaha Teknolojileri","Mezbaha ve et işleme tesisi için teklif talep formu. Kapasitenizi ve ihtiyacınızı yazın, proje ekibimiz dönüş yapsın.","/teklif-al","1","Organization|WebSite|BreadcrumbList","index, follow"
"/urun/aktarma-platformu","200","Pnömatik Aktarma Platformu – Ayarlanabilir Mezbaha Çalışma Platformu | Mezbaha Teknolojileri","Pnömatik Aktarma Platformu, mezbaha istasyonlarında ayarlanabilir çalışma yüksekliği sunar. Çift silindir sistemi, 200 kg taşıma kapasitesi ve paslanmaz gövdesiyle güvenli kullanım sağlar.","/urun/aktarma-platformu","1","Organization|WebSite|BreadcrumbList|Product","index, follow"
"/urun/aktarma-vinci","200","AKTARMA VİNCİ | Mezbaha Teknolojileri","Proje uzmanlarımız müşteriye özel AKTARMA VİNCİ geliştirilmesi konusunda çalışmaktadır.","/urun/aktarma-vinci","1","Organization|WebSite|BreadcrumbList|Product","index, follow"
"/urun/ayak-germe-ve-kilitleme","200","Ayak Germe ve Kilitleme | Mezbaha Teknolojileri","Sizlerin de ayak germe ve kilitleme cihazına ihtiyacınız mı var? Tıklayın ve ayak germe ve kilitme makinasını keşfedin.","/urun/ayak-germe-ve-kilitleme","1","Organization|WebSite|BreadcrumbList|Product","index, follow"
"/urun/ayak-kesme-makasi","200","Ayak Kesme Makası – Hidrolik Ayak ve Boynuz Kesme | Mezbaha Teknolojileri","Büyükbaş kesim hatları için hidrolik Ayak Kesme Makası. 44 kN kesme gücü, paslanmaz çelik yapı ve dayanıklı kesici ağızlarla güvenilir kesim.","/urun/ayak-kesme-makasi","1","Organization|WebSite|BreadcrumbList|Product","index, follow"
"/urun/ayak-yikama-makinasi","200","Ayak Yıkama Makinası | Gıda Tesisleri İçin Hijyen Çözümü | Mezbaha Teknolojileri","Ayak yıkama makinası, personelin giriş noktalarında ayak hijyenini sağlar. Otomatik temizlik sistemi ve paslanmaz çelik gövdeyle üretilmiştir.","/urun/ayak-yikama-makinasi","1","Organization|WebSite|BreadcrumbList|Product","index, follow"
"/urun/ayakta-kesim-hucresi","200","Ayakta Kesim Hücresi | Mezbaha Teknolojileri","Ayakta Kesim Hücresi, büyükbaş hayvanların kontrollü ve güvenli şekilde kesime alınmasını sağlayan ergonomik ve standartlara uygun bir ünitedir.","/urun/ayakta-kesim-hucresi","1","Organization|WebSite|BreadcrumbList|Product","index, follow"
"/urun/beyin-cikarma-makinasi","200","Beyin Çıkarma Makinası | Mezbaha Teknolojileri","Yeni sezon ve fiyat performans uyumlu beyin çıkarma makinası Mezbaha Teknolojileri&#x27;nde sizleri bekliyor.","/urun/beyin-cikarma-makinasi","1","Organization|WebSite|BreadcrumbList|Product","index, follow"
"/urun/ceyrekleme-elevatoru","200","Çeyrekleme Elevatörü – Sessiz ve Sarsıntısız Karkas Transferi | Mezbaha Teknolojileri","Çeyrekleme Elevatörü, karkasın raydan indirilmeden dört parçaya ayrılmasına destek olur. Yavaş indirme, sessiz çalışma ve 45° hareket özelliği sunar.","/urun/ceyrekleme-elevatoru","1","Organization|WebSite|BreadcrumbList|Product","index, follow"
"/urun/ciger-konveyoru","200","Ciğer Konveyörü | Hijyenik Sakatat Taşıma | Mezbaha Teknolojileri","Ciğer konveyörü, sakatatların kesim hattında temiz ve düzenli şekilde taşınmasını sağlar. Paslanmaz yapısıyla uzun ömürlüdür.","/urun/ciger-konveyoru","1","Organization|WebSite|BreadcrumbList|Product","index, follow"
"/urun/ciger-tasima-arabasi","200","CİĞER TAŞIMA ARABASI | Mezbaha Teknolojileri","Proje uzmanlarımız müşteriye özel CİĞER TAŞIMA ARABASI geliştirilmesi konusunda çalışmaktadır.","/urun/ciger-tasima-arabasi","1","Organization|WebSite|BreadcrumbList|Product","index, follow"
"/urun/ciger-temizleme-tavasi","200","ciğer temizleme tavası | Mezbaha Teknolojileri","Proje uzmanlarımız müşteriye özel Ciğer Temizleme Tavası geliştirilmesi konusunda çalışmaktadır.","/urun/ciger-temizleme-tavasi","1","Organization|WebSite|BreadcrumbList|Product","index, follow"
"/urun/cizme-askiligi","200","Çizme Askılığı | Düzenli ve Hijyenik Çizme Saklama | Mezbaha Teknolojileri","Çizme askılığı, iş çizmelerinin düzenli ve havadar şekilde saklanmasını sağlar. Paslanmaz yapısıyla hijyen ve dayanıklılık sunar.","/urun/cizme-askiligi","1","Organization|WebSite|BreadcrumbList|Product","index, follow"
"/urun/cizme-yikama-istasyonu","200","Çizme Yıkama Makinesi | Mezbaha Teknolojileri","Popüler ve fiyat performans ürünü çizme yıkama makinesi stoklarda. Tıklayın ve çizme yıkama istasyonunu inceleyin.","/urun/cizme-yikama-istasyonu","1","Organization|WebSite|BreadcrumbList|Product","index, follow"
"/urun/dairesel-kesim-hucresi","200","Dairesel Kesim Hücresi – Hassas ve Hızlı Kesim | Mezbaha Teknolojileri","Dairesel kesim hücresi ile üretimde hız ve hassasiyeti bir arada yakalayın. Endüstriyel kullanım için optimize, güvenli ve yüksek performanslı çözüm.","/urun/dairesel-kesim-hucresi","1","Organization|WebSite|BreadcrumbList|Product","index, follow"
"/urun/deri-bant-konveyoru","200","Deri Bant Konveyörü | Mezbaha Teknolojileri","Deri Bant Konveyörü, mezbaha ve gıda tesislerinde ürün taşıma sürecini hızlandıran, hijyenik ve uzun ömürlü bir sistemdir.","/urun/deri-bant-konveyoru","1","Organization|WebSite|BreadcrumbList|Product","index, follow"
"/urun/deri-temizleme-tavasi","200","Deri Temizleme Tavası | Mezbaha Teknolojileri","Deri temizleme tavası, ham derilerin kir ve kalıntılardan arındırılmasını sağlar. Paslanmaz çelik yapısıyla hijyen ve dayanıklılık sunar.","/urun/deri-temizleme-tavasi","1","Organization|WebSite|BreadcrumbList|Product","index, follow"
"/urun/dos-acma-testeresi","200","Döş Açma Testeresi | Mezbaha Teknolojileri","Büyükbaş kesim hatları için balansör destekli Döş Açma Testeresi. 2,2 kW motoru, dayanıklı gövdesi ve hassas kesim ucu ile kontrollü çalışma sağlar.","/urun/dos-acma-testeresi","1","Organization|WebSite|BreadcrumbList|Product","index, follow"
"/urun/et-parcalama-masasi","200","Et Parçalama Masası | Mezbaha Teknolojileri","Hijyenik paslanmaz çelik et parçalama masaları. Mezbahalar için dayanıklı, ergonomik ve kolay temizlenebilir tasarımlar.","/urun/et-parcalama-masasi","1","Organization|WebSite|BreadcrumbList|Product","index, follow"
"/urun/et-yukleme-kolu","200","Et Yükleme Kolu – Karkas Yükleme Robotu | Mezbaha Teknolojileri","Dörde bölünmüş karkas etlerini arabaya taşımak için paslanmaz çelik Et Yükleme Kolu. Katlanabilir tasarım ve gövdeye entegre hidrolik sistem.","/urun/et-yukleme-kolu","1","Organization|WebSite|BreadcrumbList|Product","index, follow"
"/urun/hidrolik-deri-yuzme-makinasi","200","Hidrolik Deri Yüzme Aleti &amp; Mezbaha Sistemleri | Mezbaha Teknolojileri","Ön ayak bağlamaya gerek kalmadan deri yüzmeye hazır mısınız? Tıklayın ve deri yüzme makinası ürünümüzü keşfedin.","/urun/hidrolik-deri-yuzme-makinasi","1","Organization|WebSite|BreadcrumbList|Product","index, follow"
"/urun/ic-organ-tasima-arabasi","200","İç Organ Taşıma Arabası | Mezbaha Teknolojileri","İç organ taşıma arabası, sakatatların kesim alanı içinde güvenli ve hijyenik şekilde taşınmasını sağlar. Paslanmaz ve kolay temizlenebilir yapıdadır.","/urun/ic-organ-tasima-arabasi","1","Organization|WebSite|BreadcrumbList|Product","index, follow"
"/urun/ikizray-kanca","200","İKİZRAY KANCA | Mezbaha Teknolojileri","Proje uzmanlarımız müşteriye özel İKİZRAY KANCA geliştirilmesi konusunda çalışmaktadır.","/urun/ikizray-kanca","1","Organization|WebSite|BreadcrumbList|Product","index, follow"
"/urun/iskembe-atik-pompasi","200","İşkembe Atık Pompası | Pnömatik Kesimhane Atık Pompası | Mezbaha Teknolojileri","İşkembe ve sakatat atıklarının tahliyesi için pnömatik kesimhane atık pompası. 5–200 m³/saat kapasite, 2–30 m basma yüksekliği ve 25–50 mm katı parça geçişi.","/urun/iskembe-atik-pompasi","1","Organization|WebSite|BreadcrumbList|Product","index, follow"
"/urun/iskembe-temizleme-tavasi","200","İşkembe Temizleme Tavası | Mezbaha Teknolojileri","İşkembe temizleme tavası, sakatat işlemlerinde işkembenin kir ve kalıntılardan arındırılmasını sağlar. Temizliği kolay ve paslanmaz malzemelidir.","/urun/iskembe-temizleme-tavasi","1","Organization|WebSite|BreadcrumbList|Product","index, follow"
"/urun/kan-tanki","200","KAN TANKI | Mezbaha Teknolojileri","Proje uzmanlarımız müşteriye özel KAN TANKI geliştirilmesi konusunda çalışmaktadır.","/urun/kan-tanki","1","Organization|WebSite|BreadcrumbList|Product","index, follow"
"/urun/kanal-ve-izgara","200","KANAL VE IZGARA | Mezbaha Teknolojileri","Proje uzmanlarımız müşteriye özel KANAL VE IZGARA geliştirilmesi konusunda çalışmaktadır.","/urun/kanal-ve-izgara","1","Organization|WebSite|BreadcrumbList|Product","index, follow"
"/urun/kanama-kancasi","200","Kanama Kancası | Mezbaha Teknolojileri","Kanama kancası satın almak için hemen tıklayın. Son dönemin popüler kanama kancası aleti sitemizde sizleri bekliyor.","/urun/kanama-kancasi","1","Organization|WebSite|BreadcrumbList|Product","index, follow"
"/urun/kanama-tavasi","200","KANAMA TAVASI | Mezbaha Teknolojileri","Proje uzmanlarımız müşteriye özel KANAMA TAVASI geliştirilmesi konusunda çalışmaktadır.","/urun/kanama-tavasi","1","Organization|WebSite|BreadcrumbList|Product","index, follow"
"/urun/kanama-vinci","200","Kanama Vinci | Verimli Karkas Kaldırma Sistemi | Mezbaha Teknolojileri","Kanama vinci, kesim öncesi karkasların kaldırılmasını ve pozisyonlanmasını kolaylaştırır. İş güvenliği ve işlem hızını artırır.","/urun/kanama-vinci","1","Organization|WebSite|BreadcrumbList|Product","index, follow"
"/urun/kanca-geri-donus","200","KANCA GERİ DÖNÜŞ | Mezbaha Teknolojileri","Proje uzmanlarımız müşteriye özel KANCA GERİ DÖNÜŞ geliştirilmesi konusunda çalışmaktadır.","/urun/kanca-geri-donus","1","Organization|WebSite|BreadcrumbList|Product","index, follow"
"/urun/kanca-tasima-arabasi","200","KANCA TAŞIMA ARABASI | Mezbaha Teknolojileri","Proje uzmanlarımız müşteriye özel KANCA TAŞIMA ARABASI geliştirilmesi konusunda çalışmaktadır.","/urun/kanca-tasima-arabasi","1","Organization|WebSite|BreadcrumbList|Product","index, follow"
"/urun/kancalar","200","Mezbaha Kancaları | 304 Paslanmaz Çelik Taşıma Çözümü | Mezbaha Teknolojileri","304 kalite paslanmaz çelik mezbaha kancaları; galvaniz kaplamasız, ikizray ve monoray sistemleriyle uyumlu dayanıklı taşıma çözümü.","/urun/kancalar","1","Organization|WebSite|BreadcrumbList|Product","index, follow"
"/urun/karkas-bolme-testeresi","200","Karkas Bölme Testeresi (Slim Line) | Mezbaha | Mezbaha Teknolojileri","4 kW motorlu Slim Line karkas bölme testeresi ile büyükbaş karkaslarda hızlı ve pratik kesim. Teknik bilgi ve teklif için iletişime geçin.","/urun/karkas-bolme-testeresi","1","Organization|WebSite|BreadcrumbList|Product","index, follow"
"/urun/klasik-kesim-hucresi","200","Mezbaha İçin Klasik Kesim Hücresi | Mezbaha Teknolojileri","Klasik kesim hücresi ile mezbaha hattınızda güvenli, hijyenik ve yüksek performanslı bir çözüm elde edin. Tıklayın ve hayvan yatırma kabinini keşfedin.","/urun/klasik-kesim-hucresi","1","Organization|WebSite|BreadcrumbList|Product","index, follow"
"/urun/kosher-line","200","Koşer Et Tuzlama Hattı – Kesimhane İçin Özel Sistem | Mezbaha Teknolojileri","100 karkas/saat kapasiteli, 3 tuzlama ve 1 durulama havuzu içeren, duş kabini ve kasap platformu bulunan, hız kontrol üniteli koşer et tuzlama hattı.","/urun/kosher-line","1","Organization|WebSite|BreadcrumbList|Product","index, follow"
"/urun/koyun-isleme-konveyoru","200","Koyun İşleme Konveyörü|Düzenli ve Hijyenik Hat Taşıma | Mezbaha Teknolojileri","Koyun işleme konveyörü, küçükbaş karkasların kesim hattında düzgün ve verimli şekilde taşınmasını sağlar. Hijyen ve hız kazandırır.","/urun/koyun-isleme-konveyoru","1","Organization|WebSite|BreadcrumbList|Product","index, follow"
"/urun/koyun-kanama-elevatoru","200","Koyun Kanama Elevatörü | Küçükbaş İçin Güvenli Taşıma | Mezbaha Teknolojileri","Koyun kanama elevatörü, küçükbaş hayvanların kanama sürecinde güvenli ve hijyenik şekilde taşınmasını sağlar. Kesim hattı akışını optimize eder.","/urun/koyun-kanama-elevatoru","1","Organization|WebSite|BreadcrumbList|Product","index, follow"
"/urun/kurban-pro","200","KURBAN PRO Kesim Sistemi – Etkin, Hızlı &amp; Modern Çözüm | Mezbaha Teknolojileri","KURBAN PRO ile güvenli, hızlı ve pratik kurban kesim sistemleri. 3 m genişlik, 16 m uzunluk komple hat ile zamandan tasarruf edin.","/urun/kurban-pro","1","Organization|WebSite|BreadcrumbList|Product","index, follow"
"/urun/kurutmali-kan-tanki","200","Kurutmalı kan tankı | Mezbaha Teknolojileri","Proje uzmanlarımız müşteriye özel Kurutmalı Kan Tankı geliştirilmesi konusunda çalışmaktadır.","/urun/kurutmali-kan-tanki","1","Organization|WebSite|BreadcrumbList|Product","index, follow"
"/urun/mekanik-deri-yuzme","200","Mekanik Deri Yüzme | Hızlı ve Hijyenik Soyma Sistemi | Mezbaha Teknolojileri","Mekanik deri yüzme sistemi, deri soyma işlemini hızlandırır ve standartlaştırır. Hijyenik çalışma ve iş gücü tasarrufu sağlamaktadır.","/urun/mekanik-deri-yuzme","1","Organization|WebSite|BreadcrumbList|Product","index, follow"
"/urun/mezbaha-bina-dizayni","200","MEZBAHA BİNA DİZAYNI | Mezbaha Teknolojileri","Proje uzmanlarımız müşteriye özel MEZBAHA BİNA DİZAYNI geliştirilmesi konusunda çalışmaktadır.","/urun/mezbaha-bina-dizayni","1","Organization|WebSite|BreadcrumbList|Product","index, follow"
"/urun/mezbaha-lavabolari","200","Mezbaha Lavaboları Modelleri | Mezbaha Teknolojileri","Mezbaha lavaboları, personellerin temizliği için hijyenik çözümler sunmaktadır. Paslanmaz çelik yapısıyla uzun ömürlü kullanım sağlar.","/urun/mezbaha-lavabolari","1","Organization|WebSite|BreadcrumbList|Product","index, follow"
"/urun/monray-ikizray","200","Monoray ve İkizray Sistemleri | Mezbaha Ray Hatları | Mezbaha Teknolojileri","Kesimhaneler için monoray ve paslanmaz ikizray hatlar. Kanama hattı, karkas depolama ve taşıma akışına uygun özel askı sistemli ray çözümleri.","/urun/monray-ikizray","1","Organization|WebSite|BreadcrumbList|Product","index, follow"
"/urun/pnomatik-iskembe-platformu","200","Pnömatik İç Organ Platformu – Paslanmaz Asansörlü İşkembe Aktarım Sistemi | Mezbaha Teknolojileri","Pnömatik İç Organ Platformu, işkembenin bant konveyöre zarar görmeden aktarılmasını destekler. 304 paslanmaz çelik yapı, ayak kumandası, lavabo ve bıçak sterilizatörü içerir.","/urun/pnomatik-iskembe-platformu","1","Organization|WebSite|BreadcrumbList|Product","index, follow"
"/urun/profesyonel-mezbaha-sistemleri","200","Profesyonel Mezbaha Sistemleri | Mezbaha Teknolojileri","Profesyonel Mezbaha Sistemleri ile büyükbaş ve küçükbaş hayvanlar için hijyenik, güvenli ve verimli kesimhane çözümleri sunuyoruz.","/urun/profesyonel-mezbaha-sistemleri","1","Organization|WebSite|BreadcrumbList|Product","index, follow"
"/urun/sabit-aktarma-platformu","200","Sabit Aktarma Platformu | Mezbaha Teknolojileri","Proje uzmanlarımız müşteriye özel Sabit Aktarma Platformu geliştirilmesi konusunda çalışmaktadır.","/urun/sabit-aktarma-platformu","1","Organization|WebSite|BreadcrumbList|Product","index, follow"
"/urun/sabit-icorgan-platformu","200","Sabit İçorgan Platformu | Mezbaha Teknolojileri","Proje uzmanlarımız müşteriye özel Sabit İçorgan Platformu geliştirilmesi konusunda çalışmaktadır.","/urun/sabit-icorgan-platformu","1","Organization|WebSite|BreadcrumbList|Product","index, follow"
"/urun/sabit-kuyruk-acma-platformu","200","Sabit Kuyruk Açma Platformu | Mezbaha Teknolojileri","Proje uzmanlarımız müşteriye özel Sabit Kuyruk Açma Platformu geliştirilmesi konusunda çalışmaktadır.","/urun/sabit-kuyruk-acma-platformu","1","Organization|WebSite|BreadcrumbList|Product","index, follow"
"/urun/sakatat-askisi","200","Sakatat Askısı | Mezbaha Teknolojileri","Sizlerde sakatat askısı ekipmanı mı arıyorsunuz? Tıklayın ve hızlıca sakatat askılığı ürünümüze inceleyin.","/urun/sakatat-askisi","1","Organization|WebSite|BreadcrumbList|Product","index, follow"
"/urun/sersemletme-ekipmani","200","Sersemletme Ekipmanı | Mezbaha Teknolojileri","Proje uzmanlarımız müşteriye özel Sersemletme Ekipmanı geliştirilmesi konusunda çalışmaktadır.","/urun/sersemletme-ekipmani","1","Organization|WebSite|BreadcrumbList|Product","index, follow"
"/urun/sigir-isleme-hatti","200","Sığır İşleme Konveyörü | Mezbaha Teknolojileri","Sığır işleme konveyörü, karkasların kesim ve işleme hattında düzenli, hijyenik ve kesintisiz şekilde ilerlemesini sağlar. Zaman ve iş gücü tasarrufu sunar.","/urun/sigir-isleme-hatti","1","Organization|WebSite|BreadcrumbList|Product","index, follow"
"/urun/sigir-kanama-elevatoru","200","Sığır Kanama Elevatörü | Mezbaha Teknolojileri","Sığır kanama elevatörü, karkasların kanama sürecinde güvenli ve verimli şekilde taşınmasını sağlar. Mezbaha hattında akışı düzenler.","/urun/sigir-kanama-elevatoru","1","Organization|WebSite|BreadcrumbList|Product","index, follow"
"/urun/soguk-oda-ikizray-sistemleri","200","Soğuk Oda İkizray Sistemleri - Mezbahane | Mezbaha Teknolojileri","Mezbahaneniz için gerekli soğuk oda ikizray sistemleri sitemizde sizleri bekliyor. Tıklayın ve ürünü hızlıca inceleyin.","/urun/soguk-oda-ikizray-sistemleri","1","Organization|WebSite|BreadcrumbList|Product","index, follow"
"/urun/standart-mezbaha-sistemleri","200","Standart Mezbaha Sistemleri | Mezbaha Teknolojileri","Standart Mezbaha Sistemleri ile hijyenik, güvenli ve modern kesimhane çözümleri; büyükbaş ve küçükbaş hayvan kesimi için profesyonel altyapı.","/urun/standart-mezbaha-sistemleri","1","Organization|WebSite|BreadcrumbList|Product","index, follow"
"/urun/testere-sterilizatorleri","200","Testere Sterilizatörleri | Mezbaha Teknolojileri","Testere sterilizatörleri, kesim ekipmanlarının yüksek sıcaklıkla steril edilmesini sağlar. Gıda güvenliği ve hijyen standartlarına uygundur.","/urun/testere-sterilizatorleri","1","Organization|WebSite|BreadcrumbList|Product","index, follow"
"/urunler","200","Ürünler | Mezbaha Teknolojileri","Büyükbaş, küçükbaş, kurban kesim ve mezbaha sistemleri ürünleri.","/urunler","1","Organization|WebSite|BreadcrumbList","index, follow"
"/urunler/buyukbas","200","Büyükbaş Mezbaha Makinaları | Mezbaha Teknolojileri","Kesim hücreleri, karkas taşıma ve deri yüzme hatlarından oluşan büyükbaş üretim hattı ekipmanları.","/urunler/buyukbas","1","Organization|WebSite|BreadcrumbList","index, follow"
"/urunler/kucukbas","200","Küçükbaş Mezbaha Makinaları | Mezbaha Teknolojileri","Koyun işleme konveyörü, kanama elevatörü ve taşıma arabalarıyla küçükbaş işleme hattı ekipmanları.","/urunler/kucukbas","1","Organization|WebSite|BreadcrumbList","index, follow"
"/urunler/kurban-kesim","200","Kurban Kesim Makinaları | Mezbaha Teknolojileri","Kurban kesim yerleri için otomatik kesim kabinleri ve komple kesim-parçalama hatları.","/urunler/kurban-kesim","1","Organization|WebSite|BreadcrumbList","index, follow"
"/urunler/mezbaha-sistemleri","200","Mezbaha Sistemleri | Mezbaha Teknolojileri","Profesyonel ve standart mezbaha sistemleri, soğuk oda ikizray hatları ve Kosher Line çözümleri.","/urunler/mezbaha-sistemleri","1","Organization|WebSite|BreadcrumbList","index, follow"
"/videolar","200","Mezbaha Sistemleri makina Videoları | Mezbaha Teknolojileri","Mezbaha sistemleri makina montaj videoları: 16 videoyu Mezbaha Teknolojileri video galerisinde izleyin.","/videolar","1","Organization|WebSite|BreadcrumbList","index, follow"